{"CACHE_SYNC_FILE_HASH":{"D:\\xiangmuuuuuuuuu\\.hvigor\\outputs\\sync\\output.json":"fdb63b57f3d1bd817aeda4a115ddadd9e3042dcdd775cf651dfb68c20a680a1e","D:\\xiangmuuuuuuuuu\\build-profile.json5":"3bd33749c67645e227b16558dc7b306df44dab0cd0148638b6689dd0c04d2859","D:\\xiangmuuuuuuuuu\\oh-package.json5":"e8ee7502024fd1428de32c1fabf838c97a2d9f3c5e23a3a634d10108089c5099","D:\\xiangmuuuuuuuuu\\entry\\oh-package.json5":"9a7a21b31e3f4ee71fb00ca7d122b9a188bdd32e5d80c09626ab3cf86a33da2e","D:\\xiangmuuuuuuuuu\\hvigor\\hvigor-config.json5":"d4bfdf083e77cf29422347ad570f2085b3b2b3fcea7d60a6bbfe2ead5c0bc420","D:\\xiangmuuuuuuuuu\\hvigorfile.ts":"29a60c4e585e5f2eae63cae93bf491767f107d6738d3e1b9ba4139b508814740","SDK_LOCATION":"D:/devecostudio-windows-sahungchaung/DevEco Studio/sdk","D:\\xiangmuuuuuuuuu\\entry\\build-profile.json5":"43809b47cf7e3ae62a75e8fefaed4cbf67541864880b64a9da3ab6706e9f2201","D:\\xiangmuuuuuuuuu\\entry\\hvigorfile.ts":"7b905a1d46297f765e90d3ebdb202d93eb499328769e87975bbe985755742c95"},"OHPM_INSTALL_FILE_HASH":{"D:\\xiangmuuuuuuuuu\\oh-package.json5":"e8ee7502024fd1428de32c1fabf838c97a2d9f3c5e23a3a634d10108089c5099","D:\\xiangmuuuuuuuuu\\entry\\oh-package.json5":"9a7a21b31e3f4ee71fb00ca7d122b9a188bdd32e5d80c09626ab3cf86a33da2e","D:\\xiangmuuuuuuuuu\\oh_modules":true,"D:\\xiangmuuuuuuuuu\\entry\\oh_modules":false}}