{
  "HVIGOR_OHOS_PLUGIN": {
    "MODULES": [
      {
        "MODULE_NAME": "1043bfc77febe75fafec0c4309faccf1",
        "API_TYPE": "stageMode",
        "INCREMENTAL_TASKS": {
          "COMPILE_ARKTS": true
        }
      }
    ],
    "BUILD_MODE": "debug"
  },
  "HVIGOR": {
    "IS_INCREMENTAL": true,
    "IS_DAEMON": true,
    "IS_PARALLEL": true,
    "IS_HVIGORFILE_TYPE_CHECK": false,
    "TASK_TIME": {
      "1043bfc77febe75fafec0c4309faccf1": {
        "ConfigureCmake": 238000,
        "PreCheckSyscap": 987500,
        "ProcessIntegratedHsp": 2502700,
        "BuildNativeWithCmake": 234200,
        "BuildNativeWithNinja": 721100,
        "BuildJS": 5699000,
        "CompileArkTS": 7342149700,
        "PackageHap": 593876700,
        "SignHap": 289179100,
        "assembleHap": 254800
      }
    },
    "TOTAL_TIME": 8569852000,
    "BUILD_ID": "202512121000467240"
  }
}