{"D:\\xiangmuuuuuuuuu\\AppScope\\app.json5":{"hashValue":"fa9d3d7f6022976a2daefff569f34efa","name":"app.json5","path":"D:\\xiangmuuuuuuuuu\\AppScope\\app.json5","type":"file","isSymbolicLink":false,"fileMetaData":{"size":220,"lastModifiedTime":1765458386362}},"D:\\xiangmuuuuuuuuu\\entry\\src\\main\\module.json5":{"hashValue":"c0b5e17724cbf72904a7ed60d8918dee","name":"module.json5","path":"D:\\xiangmuuuuuuuuu\\entry\\src\\main\\module.json5","type":"file","isSymbolicLink":false,"fileMetaData":{"size":995,"lastModifiedTime":1765462742441}},"D:\\xiangmuuuuuuuuu\\build-profile.json5":{"hashValue":"3119a585b4d7827e8301a83b79885537","name":"build-profile.json5","path":"D:\\xiangmuuuuuuuuu\\build-profile.json5","type":"file","isSymbolicLink":false,"fileMetaData":{"size":1598,"lastModifiedTime":1765460177331}},"D:\\xiangmuuuuuuuuu\\entry\\build-profile.json5":{"hashValue":"2dd4cd0d814c0167cb03cbae5cb15254","name":"build-profile.json5","path":"D:\\xiangmuuuuuuuuu\\entry\\build-profile.json5","type":"file","isSymbolicLink":false,"fileMetaData":{"size":449,"lastModifiedTime":1765458391671}},"D:\\xiangmuuuuuuuuu\\entry\\src\\main\\resources\\base\\profile\\main_pages.json":{"hashValue":"a3cda3619febfe3a56ad4950010380ab","name":"main_pages.json","path":"D:\\xiangmuuuuuuuuu\\entry\\src\\main\\resources\\base\\profile\\main_pages.json","type":"file","isSymbolicLink":false,"fileMetaData":{"size":37,"lastModifiedTime":1765458377710}},"D:\\xiangmuuuuuuuuu\\hvigor\\hvigor-config.json5":{"hashValue":"f856719c05c368ab528ecad151f94218","name":"hvigor-config.json5","path":"D:\\xiangmuuuuuuuuu\\hvigor\\hvigor-config.json5","type":"file","isSymbolicLink":false,"fileMetaData":{"size":1323,"lastModifiedTime":1765458376974}},"D:\\xiangmuuuuuuuuu\\entry\\src\\mock\\mock-config.json5":{"hashValue":"bc554413a2fafef3f3bf463112cdd0a8","name":"mock-config.json5","path":"D:\\xiangmuuuuuuuuu\\entry\\src\\mock\\mock-config.json5","type":"file","isSymbolicLink":false,"fileMetaData":{"size":3,"lastModifiedTime":1765458377444}},"D:\\xiangmuuuuuuuuu\\entry\\oh-package.json5":{"hashValue":"361a33752fe64aae2388d1c2d25e7fb2","name":"oh-package.json5","path":"D:\\xiangmuuuuuuuuu\\entry\\oh-package.json5","type":"file","isSymbolicLink":false,"fileMetaData":{"size":183,"lastModifiedTime":1765458377096}},"D:\\xiangmuuuuuuuuu\\entry\\build\\default\\intermediates\\hap_metadata\\default\\output_metadata.json":{"hashValue":"e19ceaf291b33bf92885b7a4d0a73ce4","name":"output_metadata.json","path":"D:\\xiangmuuuuuuuuu\\entry\\build\\default\\intermediates\\hap_metadata\\default\\output_metadata.json","type":"file","isSymbolicLink":false,"fileMetaData":{"size":114,"lastModifiedTime":1765462879435}},"D:\\xiangmuuuuuuuuu\\entry\\build\\default\\intermediates\\merge_profile\\default\\module.json":{"hashValue":"a2240c0e7b8b349061db97daca66a740","name":"module.json","path":"D:\\xiangmuuuuuuuuu\\entry\\build\\default\\intermediates\\merge_profile\\default\\module.json","type":"file","isSymbolicLink":false,"fileMetaData":{"size":1204,"lastModifiedTime":1765462879442}},"D:\\xiangmuuuuuuuuu\\entry\\build\\default\\generated\\profile\\default\\BuildProfile.ets":{"hashValue":"90155ea72705151b8c588800b04e9c4c","name":"BuildProfile.ets","path":"D:\\xiangmuuuuuuuuu\\entry\\build\\default\\generated\\profile\\default\\BuildProfile.ets","type":"file","isSymbolicLink":false,"fileMetaData":{"size":868,"lastModifiedTime":1765460190393}},"D:\\xiangmuuuuuuuuu\\entry\\build\\default\\intermediates\\loader\\default\\pkgContextInfo.json":{"hashValue":"f50e081c5dfabd0ce93af8add87716c9","name":"pkgContextInfo.json","path":"D:\\xiangmuuuuuuuuu\\entry\\build\\default\\intermediates\\loader\\default\\pkgContextInfo.json","type":"file","isSymbolicLink":false,"fileMetaData":{"size":444,"lastModifiedTime":1765458725691}},"D:\\xiangmuuuuuuuuu\\entry\\src\\main\\resources\\base\\profile\\backup_config.json":{"hashValue":"db72424f9c495a2eb9553c404c975dbb","name":"backup_config.json","path":"D:\\xiangmuuuuuuuuu\\entry\\src\\main\\resources\\base\\profile\\backup_config.json","type":"file","isSymbolicLink":false,"fileMetaData":{"size":36,"lastModifiedTime":1765458377743}},"D:\\xiangmuuuuuuuuu\\entry\\build\\default\\outputs\\default\\pack.info":{"hashValue":"3a57e1e05b83c3aeba0091740ae70745","name":"pack.info","path":"D:\\xiangmuuuuuuuuu\\entry\\build\\default\\outputs\\default\\pack.info","type":"file","isSymbolicLink":false,"fileMetaData":{"size":558,"lastModifiedTime":1765462879468}},"D:\\xiangmuuuuuuuuu\\entry\\build\\default\\intermediates\\process_profile\\default\\module.json":{"hashValue":"6d1893424e3fbe2b0c0d568c1bd0be1e","name":"module.json","path":"D:\\xiangmuuuuuuuuu\\entry\\build\\default\\intermediates\\process_profile\\default\\module.json","type":"file","isSymbolicLink":false,"fileMetaData":{"size":1290,"lastModifiedTime":1765462879926}},"C:\\Users\\lenovo\\AppData\\Local\\OpenHarmony\\Sdk\\12\\toolchains\\syscap_tool.exe":{"hashValue":"e88e5e85cf80f7b6e2dda9261325bc20","name":"syscap_tool.exe","path":"C:\\Users\\lenovo\\AppData\\Local\\OpenHarmony\\Sdk\\12\\toolchains\\syscap_tool.exe","type":"file","isSymbolicLink":false,"fileMetaData":{"size":345088,"lastModifiedTime":1742433278000}},"C:\\Users\\lenovo\\AppData\\Local\\OpenHarmony\\Sdk\\12\\ets\\api\\device-define":{"hashValue":"5cb71e5283eccea2554857512196592f","name":"device-define","path":"C:\\Users\\lenovo\\AppData\\Local\\OpenHarmony\\Sdk\\12\\ets\\api\\device-define","type":"directory","isSymbolicLink":false,"children":[{"hashValue":"2223bcd03981e19dd0b1496a515f011d","name":"default.json","path":"C:\\Users\\lenovo\\AppData\\Local\\OpenHarmony\\Sdk\\12\\ets\\api\\device-define\\default.json","type":"file","isSymbolicLink":false,"fileMetaData":{"size":12253,"lastModifiedTime":1742433281000}},{"hashValue":"defc407e4da59d96882d4919abf70074","name":"liteWearable.json","path":"C:\\Users\\lenovo\\AppData\\Local\\OpenHarmony\\Sdk\\12\\ets\\api\\device-define\\liteWearable.json","type":"file","isSymbolicLink":false,"fileMetaData":{"size":883,"lastModifiedTime":1742433281000}},{"hashValue":"eb49655141f374e41f6d5153c184d61d","name":"tablet.json","path":"C:\\Users\\lenovo\\AppData\\Local\\OpenHarmony\\Sdk\\12\\ets\\api\\device-define\\tablet.json","type":"file","isSymbolicLink":false,"fileMetaData":{"size":11820,"lastModifiedTime":1742433281000}}]},"D:\\xiangmuuuuuuuuu\\entry\\build\\default\\intermediates\\syscap\\default\\rpcid.sc":{"hashValue":"4ee23bc51508e6935fbb57d36b507998","name":"rpcid.sc","path":"D:\\xiangmuuuuuuuuu\\entry\\build\\default\\intermediates\\syscap\\default\\rpcid.sc","type":"file","isSymbolicLink":false,"fileMetaData":{"size":57094,"lastModifiedTime":1765458727709}},"D:\\xiangmuuuuuuuuu\\oh-package.json5":{"hashValue":"058f4c366bd252c33030e3d36e392c56","name":"oh-package.json5","path":"D:\\xiangmuuuuuuuuu\\oh-package.json5","type":"file","isSymbolicLink":false,"fileMetaData":{"size":210,"lastModifiedTime":1765458391662}},"D:\\xiangmuuuuuuuuu\\entry\\build\\default\\intermediates\\router_map\\default\\temp-router-map.json":{"hashValue":"f3b8fd13a8793f05c35352b1670b4d9d","name":"temp-router-map.json","path":"D:\\xiangmuuuuuuuuu\\entry\\build\\default\\intermediates\\router_map\\default\\temp-router-map.json","type":"file","isSymbolicLink":false,"fileMetaData":{"size":16,"lastModifiedTime":1765462879942}},"D:\\xiangmuuuuuuuuu\\entry\\build\\default\\intermediates\\router_map\\default\\loader-router-map.json":{"hashValue":"7144165ecb238d430f8a71de5b4dca37","name":"loader-router-map.json","path":"D:\\xiangmuuuuuuuuu\\entry\\build\\default\\intermediates\\router_map\\default\\loader-router-map.json","type":"file","isSymbolicLink":false,"fileMetaData":{"size":16,"lastModifiedTime":1765462879942}},"D:\\xiangmuuuuuuuuu\\entry\\build\\default\\intermediates\\res\\default\\resConfig.json":{"hashValue":"7d203efac5ca5312aafe52cb78a1e3ec","name":"resConfig.json","path":"D:\\xiangmuuuuuuuuu\\entry\\build\\default\\intermediates\\res\\default\\resConfig.json","type":"file","isSymbolicLink":false,"fileMetaData":{"size":847,"lastModifiedTime":1765458726623}},"D:\\xiangmuuuuuuuuu\\entry\\build\\default\\intermediates\\res\\default\\opt-compression.json":{"hashValue":"407fe2508e3191876f8ba63e0cd8ff00","name":"opt-compression.json","path":"D:\\xiangmuuuuuuuuu\\entry\\build\\default\\intermediates\\res\\default\\opt-compression.json","type":"file","isSymbolicLink":false,"fileMetaData":{"size":87,"lastModifiedTime":1765458726622}},"D:\\xiangmuuuuuuuuu\\entry\\build\\default\\intermediates\\loader\\default\\loader.json":{"hashValue":"41275edf8db820419224dfef9828cd1d","name":"loader.json","path":"D:\\xiangmuuuuuuuuu\\entry\\build\\default\\intermediates\\loader\\default\\loader.json","type":"file","isSymbolicLink":false,"fileMetaData":{"size":706,"lastModifiedTime":1765462879976}},"D:\\xiangmuuuuuuuuu\\entry\\build\\default\\intermediates\\libs\\default":{"hashValue":"","name":"default","path":"D:\\xiangmuuuuuuuuu\\entry\\build\\default\\intermediates\\libs\\default","type":"directory","isSymbolicLink":false,"children":[]},"D:\\xiangmuuuuuuuuu\\entry\\src\\main\\resources":{"hashValue":"3d231a392191acaa9fc2ebdff12357e9","name":"resources","path":"D:\\xiangmuuuuuuuuu\\entry\\src\\main\\resources","type":"directory","isSymbolicLink":false,"children":[{"hashValue":"f24d51cc86bd50ec4f531d2b7fda62c1","name":"base","path":"D:\\xiangmuuuuuuuuu\\entry\\src\\main\\resources\\base","type":"directory","isSymbolicLink":false,"children":[{"hashValue":"cee46ddac389668d382da87627f3b77a","name":"element","path":"D:\\xiangmuuuuuuuuu\\entry\\src\\main\\resources\\base\\element","type":"directory","isSymbolicLink":false,"children":[{"hashValue":"b1cd4fe08d46269eb855144258697497","name":"color.json","path":"D:\\xiangmuuuuuuuuu\\entry\\src\\main\\resources\\base\\element\\color.json","type":"file","isSymbolicLink":false,"fileMetaData":{"size":105,"lastModifiedTime":1765458377538}},{"hashValue":"46aa2a039a6ac5ce96d9fbb0885bee5e","name":"string.json","path":"D:\\xiangmuuuuuuuuu\\entry\\src\\main\\resources\\base\\element\\string.json","type":"file","isSymbolicLink":false,"fileMetaData":{"size":182,"lastModifiedTime":1765462566193}}]},{"hashValue":"e4295f20136c324ff8e7e182695d5365","name":"media","path":"D:\\xiangmuuuuuuuuu\\entry\\src\\main\\resources\\base\\media","type":"directory","isSymbolicLink":false,"children":[{"hashValue":"12793102ee72199718d2ad819f34f2ab","name":"app_icon.png","path":"D:\\xiangmuuuuuuuuu\\entry\\src\\main\\resources\\base\\media\\app_icon.png","type":"file","isSymbolicLink":false,"fileMetaData":{"size":368603,"lastModifiedTime":1765463765297}},{"hashValue":"2c5b634c01afd5ea89b0742b76373514","name":"background.png","path":"D:\\xiangmuuuuuuuuu\\entry\\src\\main\\resources\\base\\media\\background.png","type":"file","isSymbolicLink":false,"fileMetaData":{"size":368603,"lastModifiedTime":1765463765297}},{"hashValue":"1e1de3f5af9d315882b147cff0be384a","name":"foreground.png","path":"D:\\xiangmuuuuuuuuu\\entry\\src\\main\\resources\\base\\media\\foreground.png","type":"file","isSymbolicLink":false,"fileMetaData":{"size":12430,"lastModifiedTime":1765458377609}},{"hashValue":"8d94c54485900729f0f934e1e07bf218","name":"layered_image.json","path":"D:\\xiangmuuuuuuuuu\\entry\\src\\main\\resources\\base\\media\\layered_image.json","type":"file","isSymbolicLink":false,"fileMetaData":{"size":109,"lastModifiedTime":1765458377637}},{"hashValue":"40cd666e7ce965a5b11ee6e9112025e6","name":"startIcon.png","path":"D:\\xiangmuuuuuuuuu\\entry\\src\\main\\resources\\base\\media\\startIcon.png","type":"file","isSymbolicLink":false,"fileMetaData":{"size":20093,"lastModifiedTime":1765458377663}}]},{"hashValue":"f8af2abed4a1d0c95d1c331ffb2ba097","name":"profile","path":"D:\\xiangmuuuuuuuuu\\entry\\src\\main\\resources\\base\\profile","type":"directory","isSymbolicLink":false,"children":[{"hashValue":"db72424f9c495a2eb9553c404c975dbb","name":"backup_config.json","path":"D:\\xiangmuuuuuuuuu\\entry\\src\\main\\resources\\base\\profile\\backup_config.json","type":"file","isSymbolicLink":false,"fileMetaData":{"size":36,"lastModifiedTime":1765458377743}},{"hashValue":"a3cda3619febfe3a56ad4950010380ab","name":"main_pages.json","path":"D:\\xiangmuuuuuuuuu\\entry\\src\\main\\resources\\base\\profile\\main_pages.json","type":"file","isSymbolicLink":false,"fileMetaData":{"size":37,"lastModifiedTime":1765458377710}}]}]},{"hashValue":"edac514e162f4dedbce1e7d759e1212d","name":"dark","path":"D:\\xiangmuuuuuuuuu\\entry\\src\\main\\resources\\dark","type":"directory","isSymbolicLink":false,"children":[{"hashValue":"c53ab7482ccbc98deedc0c942d982dae","name":"element","path":"D:\\xiangmuuuuuuuuu\\entry\\src\\main\\resources\\dark\\element","type":"directory","isSymbolicLink":false,"children":[{"hashValue":"958da2cb8386121488eef8efec95ddf2","name":"color.json","path":"D:\\xiangmuuuuuuuuu\\entry\\src\\main\\resources\\dark\\element\\color.json","type":"file","isSymbolicLink":false,"fileMetaData":{"size":105,"lastModifiedTime":1765458377729}}]}]},{"hashValue":"","name":"rawfile","path":"D:\\xiangmuuuuuuuuu\\entry\\src\\main\\resources\\rawfile","type":"directory","isSymbolicLink":false,"children":[]}]},"D:\\xiangmuuuuuuuuu\\AppScope\\resources":{"hashValue":"3bc9525f77a8d20ccd114a1a743b6f8c","name":"resources","path":"D:\\xiangmuuuuuuuuu\\AppScope\\resources","type":"directory","isSymbolicLink":false,"children":[{"hashValue":"996ee23e1554c801b2031b1814871cff","name":"base","path":"D:\\xiangmuuuuuuuuu\\AppScope\\resources\\base","type":"directory","isSymbolicLink":false,"children":[{"hashValue":"df67d7e7e6c650a84e5f57f3a06e35dd","name":"element","path":"D:\\xiangmuuuuuuuuu\\AppScope\\resources\\base\\element","type":"directory","isSymbolicLink":false,"children":[{"hashValue":"45f58d8355e5d4ca868575ef33f65c59","name":"string.json","path":"D:\\xiangmuuuuuuuuu\\AppScope\\resources\\base\\element\\string.json","type":"file","isSymbolicLink":false,"fileMetaData":{"size":116,"lastModifiedTime":1765463653305}}]},{"hashValue":"8c026d180f74f70629bccb24272ce1ec","name":"media","path":"D:\\xiangmuuuuuuuuu\\AppScope\\resources\\base\\media","type":"directory","isSymbolicLink":false,"children":[{"hashValue":"12793102ee72199718d2ad819f34f2ab","name":"app_icon.png","path":"D:\\xiangmuuuuuuuuu\\AppScope\\resources\\base\\media\\app_icon.png","type":"file","isSymbolicLink":false,"fileMetaData":{"size":368603,"lastModifiedTime":1765463765297}}]}]}]},"D:\\xiangmuuuuuuuuu\\entry\\build\\default\\intermediates\\res\\default":{"hashValue":"2e37724f1d7a148bae29d4314d9328e8","name":"default","path":"D:\\xiangmuuuuuuuuu\\entry\\build\\default\\intermediates\\res\\default","type":"directory","isSymbolicLink":false,"children":[{"hashValue":"d352f2a7029efaf48b84828e8fb6ce4c","name":"ids_map","path":"D:\\xiangmuuuuuuuuu\\entry\\build\\default\\intermediates\\res\\default\\ids_map","type":"directory","isSymbolicLink":false,"children":[{"hashValue":"74c8ac7e3d2004e05fd807b6fa99fde0","name":"id_defined.json","path":"D:\\xiangmuuuuuuuuu\\entry\\build\\default\\intermediates\\res\\default\\ids_map\\id_defined.json","type":"file","isSymbolicLink":false,"fileMetaData":{"size":776,"lastModifiedTime":1765463914074}}]},{"hashValue":"0f7c62c7d9603d529102326264d8adcb","name":"module.json","path":"D:\\xiangmuuuuuuuuu\\entry\\build\\default\\intermediates\\res\\default\\module.json","type":"file","isSymbolicLink":false,"fileMetaData":{"size":1461,"lastModifiedTime":1765463914054}},{"hashValue":"407fe2508e3191876f8ba63e0cd8ff00","name":"opt-compression.json","path":"D:\\xiangmuuuuuuuuu\\entry\\build\\default\\intermediates\\res\\default\\opt-compression.json","type":"file","isSymbolicLink":false,"fileMetaData":{"size":87,"lastModifiedTime":1765458726622}},{"hashValue":"7d203efac5ca5312aafe52cb78a1e3ec","name":"resConfig.json","path":"D:\\xiangmuuuuuuuuu\\entry\\build\\default\\intermediates\\res\\default\\resConfig.json","type":"file","isSymbolicLink":false,"fileMetaData":{"size":847,"lastModifiedTime":1765458726623}},{"hashValue":"b5a35b30a8aae8735f1978e398b60ef1","name":"resources","path":"D:\\xiangmuuuuuuuuu\\entry\\build\\default\\intermediates\\res\\default\\resources","type":"directory","isSymbolicLink":false,"children":[{"hashValue":"ac9c1f6654a0cf6275c70c2ca9996edb","name":"base","path":"D:\\xiangmuuuuuuuuu\\entry\\build\\default\\intermediates\\res\\default\\resources\\base","type":"directory","isSymbolicLink":false,"children":[{"hashValue":"57ea338a3aec0f723ed2e9b1583ba591","name":"media","path":"D:\\xiangmuuuuuuuuu\\entry\\build\\default\\intermediates\\res\\default\\resources\\base\\media","type":"directory","isSymbolicLink":false,"children":[{"hashValue":"12793102ee72199718d2ad819f34f2ab","name":"app_icon.png","path":"D:\\xiangmuuuuuuuuu\\entry\\build\\default\\intermediates\\res\\default\\resources\\base\\media\\app_icon.png","type":"file","isSymbolicLink":false,"fileMetaData":{"size":368603,"lastModifiedTime":1765463765297}},{"hashValue":"2c5b634c01afd5ea89b0742b76373514","name":"background.png","path":"D:\\xiangmuuuuuuuuu\\entry\\build\\default\\intermediates\\res\\default\\resources\\base\\media\\background.png","type":"file","isSymbolicLink":false,"fileMetaData":{"size":368603,"lastModifiedTime":1765463765297}},{"hashValue":"1e1de3f5af9d315882b147cff0be384a","name":"foreground.png","path":"D:\\xiangmuuuuuuuuu\\entry\\build\\default\\intermediates\\res\\default\\resources\\base\\media\\foreground.png","type":"file","isSymbolicLink":false,"fileMetaData":{"size":12430,"lastModifiedTime":1765458377609}},{"hashValue":"862ea77b0e245275d105c44689688519","name":"layered_image.json","path":"D:\\xiangmuuuuuuuuu\\entry\\build\\default\\intermediates\\res\\default\\resources\\base\\media\\layered_image.json","type":"file","isSymbolicLink":false,"fileMetaData":{"size":95,"lastModifiedTime":1765463914053}},{"hashValue":"40cd666e7ce965a5b11ee6e9112025e6","name":"startIcon.png","path":"D:\\xiangmuuuuuuuuu\\entry\\build\\default\\intermediates\\res\\default\\resources\\base\\media\\startIcon.png","type":"file","isSymbolicLink":false,"fileMetaData":{"size":20093,"lastModifiedTime":1765458377663}}]},{"hashValue":"f8af2abed4a1d0c95d1c331ffb2ba097","name":"profile","path":"D:\\xiangmuuuuuuuuu\\entry\\build\\default\\intermediates\\res\\default\\resources\\base\\profile","type":"directory","isSymbolicLink":false,"children":[{"hashValue":"db72424f9c495a2eb9553c404c975dbb","name":"backup_config.json","path":"D:\\xiangmuuuuuuuuu\\entry\\build\\default\\intermediates\\res\\default\\resources\\base\\profile\\backup_config.json","type":"file","isSymbolicLink":false,"fileMetaData":{"size":36,"lastModifiedTime":1765458377743}},{"hashValue":"a3cda3619febfe3a56ad4950010380ab","name":"main_pages.json","path":"D:\\xiangmuuuuuuuuu\\entry\\build\\default\\intermediates\\res\\default\\resources\\base\\profile\\main_pages.json","type":"file","isSymbolicLink":false,"fileMetaData":{"size":37,"lastModifiedTime":1765458377710}}]}]},{"hashValue":"","name":"rawfile","path":"D:\\xiangmuuuuuuuuu\\entry\\build\\default\\intermediates\\res\\default\\resources\\rawfile","type":"directory","isSymbolicLink":false,"children":[]}]},{"hashValue":"a30ae6485ccddbb63e4fad00313e45aa","name":"resources.index","path":"D:\\xiangmuuuuuuuuu\\entry\\build\\default\\intermediates\\res\\default\\resources.index","type":"file","isSymbolicLink":false,"fileMetaData":{"size":964,"lastModifiedTime":1765463914074}},{"hashValue":"f2a4f963bfe8520de1d60157b293f759","name":"ResourceTable.txt","path":"D:\\xiangmuuuuuuuuu\\entry\\build\\default\\intermediates\\res\\default\\ResourceTable.txt","type":"file","isSymbolicLink":false,"fileMetaData":{"size":300,"lastModifiedTime":1765463914053}}]},"D:\\xiangmuuuuuuuuu\\entry\\build\\default\\generated\\r\\default\\ResourceTable.h":{"hashValue":"4b3dce87d31391d71177517036219fc6","name":"ResourceTable.h","path":"D:\\xiangmuuuuuuuuu\\entry\\build\\default\\generated\\r\\default\\ResourceTable.h","type":"file","isSymbolicLink":false,"fileMetaData":{"size":1176,"lastModifiedTime":1765463914053}},"D:\\xiangmuuuuuuuuu\\entry\\build\\default\\generated\\r\\default":{"hashValue":"d26dd156805fd7436417dd13a7942577","name":"default","path":"D:\\xiangmuuuuuuuuu\\entry\\build\\default\\generated\\r\\default","type":"directory","isSymbolicLink":false,"children":[{"hashValue":"4b3dce87d31391d71177517036219fc6","name":"ResourceTable.h","path":"D:\\xiangmuuuuuuuuu\\entry\\build\\default\\generated\\r\\default\\ResourceTable.h","type":"file","isSymbolicLink":false,"fileMetaData":{"size":1176,"lastModifiedTime":1765463914053}}]},"D:\\xiangmuuuuuuuuu\\entry\\build\\default\\intermediates\\loader\\default":{"hashValue":"e7c891d1bfc64fb5885e030c718ad734","name":"default","path":"D:\\xiangmuuuuuuuuu\\entry\\build\\default\\intermediates\\loader\\default","type":"directory","isSymbolicLink":false,"children":[{"hashValue":"41275edf8db820419224dfef9828cd1d","name":"loader.json","path":"D:\\xiangmuuuuuuuuu\\entry\\build\\default\\intermediates\\loader\\default\\loader.json","type":"file","isSymbolicLink":false,"fileMetaData":{"size":706,"lastModifiedTime":1765462879976}},{"hashValue":"f50e081c5dfabd0ce93af8add87716c9","name":"pkgContextInfo.json","path":"D:\\xiangmuuuuuuuuu\\entry\\build\\default\\intermediates\\loader\\default\\pkgContextInfo.json","type":"file","isSymbolicLink":false,"fileMetaData":{"size":444,"lastModifiedTime":1765458725691}}]},"D:\\xiangmuuuuuuuuu\\entry\\build\\default\\intermediates\\res\\default\\resources\\rawfile":{"hashValue":"","name":"rawfile","path":"D:\\xiangmuuuuuuuuu\\entry\\build\\default\\intermediates\\res\\default\\resources\\rawfile","type":"directory","isSymbolicLink":false,"children":[]},"D:\\xiangmuuuuuuuuu\\entry\\build\\default\\intermediates\\res\\default\\ResourceTable.txt":{"hashValue":"f2a4f963bfe8520de1d60157b293f759","name":"ResourceTable.txt","path":"D:\\xiangmuuuuuuuuu\\entry\\build\\default\\intermediates\\res\\default\\ResourceTable.txt","type":"file","isSymbolicLink":false,"fileMetaData":{"size":300,"lastModifiedTime":1765463914053}},"D:\\xiangmuuuuuuuuu\\entry\\build\\default\\intermediates\\res\\default\\module.json":{"hashValue":"0f7c62c7d9603d529102326264d8adcb","name":"module.json","path":"D:\\xiangmuuuuuuuuu\\entry\\build\\default\\intermediates\\res\\default\\module.json","type":"file","isSymbolicLink":false,"fileMetaData":{"size":1461,"lastModifiedTime":1765463914054}},"D:\\xiangmuuuuuuuuu\\entry\\build\\default\\intermediates\\res\\default\\resources\\base\\profile":{"hashValue":"f8af2abed4a1d0c95d1c331ffb2ba097","name":"profile","path":"D:\\xiangmuuuuuuuuu\\entry\\build\\default\\intermediates\\res\\default\\resources\\base\\profile","type":"directory","isSymbolicLink":false,"children":[{"hashValue":"db72424f9c495a2eb9553c404c975dbb","name":"backup_config.json","path":"D:\\xiangmuuuuuuuuu\\entry\\build\\default\\intermediates\\res\\default\\resources\\base\\profile\\backup_config.json","type":"file","isSymbolicLink":false,"fileMetaData":{"size":36,"lastModifiedTime":1765458377743}},{"hashValue":"a3cda3619febfe3a56ad4950010380ab","name":"main_pages.json","path":"D:\\xiangmuuuuuuuuu\\entry\\build\\default\\intermediates\\res\\default\\resources\\base\\profile\\main_pages.json","type":"file","isSymbolicLink":false,"fileMetaData":{"size":37,"lastModifiedTime":1765458377710}}]},"D:\\xiangmuuuuuuuuu\\entry\\src\\main\\ets":{"hashValue":"61a9cbf58057c6ca52894c017c2196dc","name":"ets","path":"D:\\xiangmuuuuuuuuu\\entry\\src\\main\\ets","type":"directory","isSymbolicLink":false,"children":[{"hashValue":"850fa7660a63260acd47ede486562efd","name":"entryability","path":"D:\\xiangmuuuuuuuuu\\entry\\src\\main\\ets\\entryability","type":"directory","isSymbolicLink":false,"children":[{"hashValue":"16915e629a61f6fa3a9c76fa3a1d9634","name":"EntryAbility.ets","path":"D:\\xiangmuuuuuuuuu\\entry\\src\\main\\ets\\entryability\\EntryAbility.ets","type":"file","isSymbolicLink":false,"fileMetaData":{"size":1603,"lastModifiedTime":1765458391683}}]},{"hashValue":"0a8f8d9cd22f1ab8301e8ff53e74f2fe","name":"entrybackupability","path":"D:\\xiangmuuuuuuuuu\\entry\\src\\main\\ets\\entrybackupability","type":"directory","isSymbolicLink":false,"children":[{"hashValue":"ab2ea2b8a2bc4d46ac731cfaf920ac0d","name":"EntryBackupAbility.ets","path":"D:\\xiangmuuuuuuuuu\\entry\\src\\main\\ets\\entrybackupability\\EntryBackupAbility.ets","type":"file","isSymbolicLink":false,"fileMetaData":{"size":436,"lastModifiedTime":1765458391676}}]},{"hashValue":"f8cb0c62a54631b6ea08ad35bae1b9cb","name":"pages","path":"D:\\xiangmuuuuuuuuu\\entry\\src\\main\\ets\\pages","type":"directory","isSymbolicLink":false,"children":[{"hashValue":"94923a38b55e627d46b7c62db2bc7774","name":"Index.ets","path":"D:\\xiangmuuuuuuuuu\\entry\\src\\main\\ets\\pages\\Index.ets","type":"file","isSymbolicLink":false,"fileMetaData":{"size":19779,"lastModifiedTime":1765504844992}}]}]},"D:\\xiangmuuuuuuuuu\\entry\\build\\default\\intermediates\\loader_out\\default\\ets":{"hashValue":"d96fd6f9445eb9f9df58303c1b550643","name":"ets","path":"D:\\xiangmuuuuuuuuu\\entry\\build\\default\\intermediates\\loader_out\\default\\ets","type":"directory","isSymbolicLink":false,"children":[{"hashValue":"fd8f12330f7f78806329d365bc67a3fc","name":"modules.abc","path":"D:\\xiangmuuuuuuuuu\\entry\\build\\default\\intermediates\\loader_out\\default\\ets\\modules.abc","type":"file","isSymbolicLink":false,"fileMetaData":{"size":63564,"lastModifiedTime":1765504854365}},{"hashValue":"85a6e006356ed4f68cf021d35b14b1ac","name":"sourceMaps.map","path":"D:\\xiangmuuuuuuuuu\\entry\\build\\default\\intermediates\\loader_out\\default\\ets\\sourceMaps.map","type":"file","isSymbolicLink":false,"fileMetaData":{"size":24488,"lastModifiedTime":1765504854234}}]},"D:\\xiangmuuuuuuuuu\\entry\\build\\default\\intermediates\\stripped_native_libs\\default":{"hashValue":"","name":"default","path":"D:\\xiangmuuuuuuuuu\\entry\\build\\default\\intermediates\\stripped_native_libs\\default","type":"directory","isSymbolicLink":false,"children":[]},"D:\\xiangmuuuuuuuuu\\entry\\build\\default\\intermediates\\patch\\default\\base_native_libs.json":{"hashValue":"388b9d2af9398ca68e87aa0b74130651","name":"base_native_libs.json","path":"D:\\xiangmuuuuuuuuu\\entry\\build\\default\\intermediates\\patch\\default\\base_native_libs.json","type":"file","isSymbolicLink":false,"fileMetaData":{"size":25,"lastModifiedTime":1765458728369}},"D:\\xiangmuuuuuuuuu\\entry\\build\\default\\intermediates\\package\\default\\module.json":{"hashValue":"0f7c62c7d9603d529102326264d8adcb","name":"module.json","path":"D:\\xiangmuuuuuuuuu\\entry\\build\\default\\intermediates\\package\\default\\module.json","type":"file","isSymbolicLink":false,"fileMetaData":{"size":1461,"lastModifiedTime":1765463914054}},"D:\\xiangmuuuuuuuuu\\entry\\build\\default\\intermediates\\res\\default\\resources":{"hashValue":"b5a35b30a8aae8735f1978e398b60ef1","name":"resources","path":"D:\\xiangmuuuuuuuuu\\entry\\build\\default\\intermediates\\res\\default\\resources","type":"directory","isSymbolicLink":false,"children":[{"hashValue":"ac9c1f6654a0cf6275c70c2ca9996edb","name":"base","path":"D:\\xiangmuuuuuuuuu\\entry\\build\\default\\intermediates\\res\\default\\resources\\base","type":"directory","isSymbolicLink":false,"children":[{"hashValue":"57ea338a3aec0f723ed2e9b1583ba591","name":"media","path":"D:\\xiangmuuuuuuuuu\\entry\\build\\default\\intermediates\\res\\default\\resources\\base\\media","type":"directory","isSymbolicLink":false,"children":[{"hashValue":"12793102ee72199718d2ad819f34f2ab","name":"app_icon.png","path":"D:\\xiangmuuuuuuuuu\\entry\\build\\default\\intermediates\\res\\default\\resources\\base\\media\\app_icon.png","type":"file","isSymbolicLink":false,"fileMetaData":{"size":368603,"lastModifiedTime":1765463765297}},{"hashValue":"2c5b634c01afd5ea89b0742b76373514","name":"background.png","path":"D:\\xiangmuuuuuuuuu\\entry\\build\\default\\intermediates\\res\\default\\resources\\base\\media\\background.png","type":"file","isSymbolicLink":false,"fileMetaData":{"size":368603,"lastModifiedTime":1765463765297}},{"hashValue":"1e1de3f5af9d315882b147cff0be384a","name":"foreground.png","path":"D:\\xiangmuuuuuuuuu\\entry\\build\\default\\intermediates\\res\\default\\resources\\base\\media\\foreground.png","type":"file","isSymbolicLink":false,"fileMetaData":{"size":12430,"lastModifiedTime":1765458377609}},{"hashValue":"862ea77b0e245275d105c44689688519","name":"layered_image.json","path":"D:\\xiangmuuuuuuuuu\\entry\\build\\default\\intermediates\\res\\default\\resources\\base\\media\\layered_image.json","type":"file","isSymbolicLink":false,"fileMetaData":{"size":95,"lastModifiedTime":1765463914053}},{"hashValue":"40cd666e7ce965a5b11ee6e9112025e6","name":"startIcon.png","path":"D:\\xiangmuuuuuuuuu\\entry\\build\\default\\intermediates\\res\\default\\resources\\base\\media\\startIcon.png","type":"file","isSymbolicLink":false,"fileMetaData":{"size":20093,"lastModifiedTime":1765458377663}}]},{"hashValue":"f8af2abed4a1d0c95d1c331ffb2ba097","name":"profile","path":"D:\\xiangmuuuuuuuuu\\entry\\build\\default\\intermediates\\res\\default\\resources\\base\\profile","type":"directory","isSymbolicLink":false,"children":[{"hashValue":"db72424f9c495a2eb9553c404c975dbb","name":"backup_config.json","path":"D:\\xiangmuuuuuuuuu\\entry\\build\\default\\intermediates\\res\\default\\resources\\base\\profile\\backup_config.json","type":"file","isSymbolicLink":false,"fileMetaData":{"size":36,"lastModifiedTime":1765458377743}},{"hashValue":"a3cda3619febfe3a56ad4950010380ab","name":"main_pages.json","path":"D:\\xiangmuuuuuuuuu\\entry\\build\\default\\intermediates\\res\\default\\resources\\base\\profile\\main_pages.json","type":"file","isSymbolicLink":false,"fileMetaData":{"size":37,"lastModifiedTime":1765458377710}}]}]},{"hashValue":"","name":"rawfile","path":"D:\\xiangmuuuuuuuuu\\entry\\build\\default\\intermediates\\res\\default\\resources\\rawfile","type":"directory","isSymbolicLink":false,"children":[]}]},"D:\\xiangmuuuuuuuuu\\entry\\build\\default\\intermediates\\res\\default\\resources.index":{"hashValue":"a30ae6485ccddbb63e4fad00313e45aa","name":"resources.index","path":"D:\\xiangmuuuuuuuuu\\entry\\build\\default\\intermediates\\res\\default\\resources.index","type":"file","isSymbolicLink":false,"fileMetaData":{"size":964,"lastModifiedTime":1765463914074}},"D:\\xiangmuuuuuuuuu\\entry\\build\\default\\outputs\\default\\entry-default-unsigned.hap":{"hashValue":"950f00f294d8bececfbd86210326caa5","name":"entry-default-unsigned.hap","path":"D:\\xiangmuuuuuuuuu\\entry\\build\\default\\outputs\\default\\entry-default-unsigned.hap","type":"file","isSymbolicLink":false,"fileMetaData":{"size":919979,"lastModifiedTime":1765504854973}},"D:\\xiangmuuuuuuuuu\\entry\\build\\default\\outputs\\default\\mapping\\sourceMaps.map":{"hashValue":"85a6e006356ed4f68cf021d35b14b1ac","name":"sourceMaps.map","path":"D:\\xiangmuuuuuuuuu\\entry\\build\\default\\outputs\\default\\mapping\\sourceMaps.map","type":"file","isSymbolicLink":false,"fileMetaData":{"size":24488,"lastModifiedTime":1765504854234}},"C:/Users/lenovo/.ohos/config/openharmony/default_xiangmuuuuuuuuu_S92esMrgcgUzOMW9u9AT25bxpKh8oL9rlYdceVsvfTU=.cer":{"hashValue":"79473de06738494ae9051fbaff799fd5","name":"default_xiangmuuuuuuuuu_S92esMrgcgUzOMW9u9AT25bxpKh8oL9rlYdceVsvfTU=.cer","path":"C:/Users/lenovo/.ohos/config/openharmony/default_xiangmuuuuuuuuu_S92esMrgcgUzOMW9u9AT25bxpKh8oL9rlYdceVsvfTU=.cer","type":"file","isSymbolicLink":false,"fileMetaData":{"size":1702,"lastModifiedTime":1765460160878}},"C:/Users/lenovo/.ohos/config/openharmony/default_xiangmuuuuuuuuu_S92esMrgcgUzOMW9u9AT25bxpKh8oL9rlYdceVsvfTU=.p7b":{"hashValue":"0e7e41809ddb0abb361fe8328a80f33e","name":"default_xiangmuuuuuuuuu_S92esMrgcgUzOMW9u9AT25bxpKh8oL9rlYdceVsvfTU=.p7b","path":"C:/Users/lenovo/.ohos/config/openharmony/default_xiangmuuuuuuuuu_S92esMrgcgUzOMW9u9AT25bxpKh8oL9rlYdceVsvfTU=.p7b","type":"file","isSymbolicLink":false,"fileMetaData":{"size":3431,"lastModifiedTime":1765460162252}},"C:/Users/lenovo/.ohos/config/openharmony/default_xiangmuuuuuuuuu_S92esMrgcgUzOMW9u9AT25bxpKh8oL9rlYdceVsvfTU=.p12":{"hashValue":"e6c52ccce3e003fd21a2786fc3344c74","name":"default_xiangmuuuuuuuuu_S92esMrgcgUzOMW9u9AT25bxpKh8oL9rlYdceVsvfTU=.p12","path":"C:/Users/lenovo/.ohos/config/openharmony/default_xiangmuuuuuuuuu_S92esMrgcgUzOMW9u9AT25bxpKh8oL9rlYdceVsvfTU=.p12","type":"file","isSymbolicLink":false,"fileMetaData":{"size":1128,"lastModifiedTime":1765460159788}},"D:\\xiangmuuuuuuuuu\\entry\\build\\default\\outputs\\default\\entry-default-signed.hap":{"hashValue":"bbbfb96fa82a0ae651d31f9b73a342c2","name":"entry-default-signed.hap","path":"D:\\xiangmuuuuuuuuu\\entry\\build\\default\\outputs\\default\\entry-default-signed.hap","type":"file","isSymbolicLink":false,"fileMetaData":{"size":943630,"lastModifiedTime":1765504855283}},"D:\\xiangmuuuuuuuuu\\build\\cache\\default\\integrated_hsp\\integratedHspCache.json":{"hashValue":"","name":"emptyroot","path":"","type":"unknown","isSymbolicLink":false,"children":[]},"D:\\xiangmuuuuuuuuu\\entry\\build\\default\\intermediates\\loader_out\\default\\js":{"hashValue":"","name":"emptyroot","path":"","type":"unknown","isSymbolicLink":false,"children":[]}}